Date,Total crawl requests,Total download size (Bytes),Average response time (ms)
2026-05-31,27,151254,63
2026-06-01,0,0,0
2026-06-02,0,0,0
2026-06-03,1,0,50000
2026-06-04,0,0,0
2026-06-05,7,112120,65
2026-06-06,0,0,0
2026-06-07,0,0,0
2026-06-08,0,0,0
2026-06-09,1,4534,228
2026-06-10,0,0,0
2026-06-11,0,0,0
2026-06-12,459,1782196,97
2026-06-13,268,675912,95
2026-06-14,78,325602,103
2026-06-15,127,1032628,90
2026-06-16,149,1089417,73
2026-06-17,1,26215,221
2026-06-18,1,26215,86
2026-06-19,4,86681,192
2026-06-20,1,26215,177
2026-06-21,0,0,0
2026-06-22,1,4625,177
2026-06-23,0,0,0
2026-06-24,0,0,0
2026-06-25,0,0,0
2026-06-26,0,0,0
2026-06-27,2,52430,178
2026-06-28,35,464433,84
2026-06-29,0,0,0
2026-06-30,0,0,0
2026-07-01,28,382270,83
2026-07-02,5,67406,165
2026-07-03,2,26068,141
2026-07-04,0,0,0
2026-07-05,0,0,0
2026-07-06,0,0,0
2026-07-07,0,0,0
2026-07-08,0,0,0
2026-07-09,0,0,0
2026-07-10,35,410025,85
2026-07-11,23,334886,76
2026-07-12,0,0,0
2026-07-13,3,21739,68
2026-07-14,1,246,45
2026-07-15,0,0,0
2026-07-16,0,0,0
2026-07-17,0,0,0
2026-07-18,1,4625,141
2026-07-19,0,0,0
2026-07-20,1,26215,134
2026-07-21,10,113630,142
2026-07-22,14,179401,76
2026-07-23,3,14111,72
2026-07-24,0,0,0
2026-07-25,14,326967,63
2026-07-26,12,187989,54
2026-07-27,2,17654,50
2026-07-28,15,233926,53
2026-07-29,0,0,0
2026-07-30,12,171278,48
2026-07-31,0,0,0
2026-08-01,0,0,0
2026-08-02,28,375817,57
2026-08-03,0,0,0
2026-08-04,0,0,0
2026-08-05,0,0,0
2026-08-06,0,0,0
2026-08-07,38,582726,69
2026-08-08,69,3250487,124
2026-08-09,9,242546,105
2026-08-10,19,652960,138
2026-08-11,11,612640,121
2026-08-12,4,163578,188
2026-08-13,5,259828,155
2026-08-14,4,283085,173
2026-08-15,10,310954,126
2026-08-16,12,166158,78
2026-08-17,29,696019,85
2026-08-18,26,278598,78
2026-08-19,20,759550,177
2026-08-20,7,121919,135
2026-08-21,1,20789,121
2026-08-22,5,62750,100
2026-08-23,6,95575,126
2026-08-24,7,239843,100
2026-08-25,9,157030,73
2026-08-26,1,82042,122
2026-08-27,9,217021,102